X.x,Species,totalCount,numSurveysGTzero,totalBiomass,nSurveys,meanDensity,fracSurveys,meanBiomass,X.y,sciName,itis_id,rank,notes,Genus
1,8,25,23,176.0639243,1078,0.023191095,2.133580705,0.163324605,NA,NA,NA,NA,NA,NA
2,9,48,44,280.3775978,548,0.087591241,8.02919708,0.511637952,NA,NA,NA,NA,NA,NA
3,Acer x freemanii,2,1,7.238227113,11,0.181818182,9.090909091,0.658020647,122,Acer X freemanii,500949,species,,Acer
4,Aesculus hippocastanum,1,1,9.060982472,67,0.014925373,1.492537313,0.135238544,48,Aesculus hippocastanum,28721,species,,Aesculus
5,Aesculus parviflora,1,1,2.729739818,25,0.04,4,0.109189593,43,Aesculus parviflora,28722,species,,Aesculus
6,Ailanthus,0,0,0,2,0,0,0,351,Ailanthus,28826,species,,Ailanthus
7,Alder spp.,40,31,27032.76894,458,0.087336245,6.768558952,59.02351298,NA,NA,NA,NA,NA,NA
8,Alnus crispa,12,5,31.9146918,20,0.6,25,1.59573459,415,Alnus viridis ssp. Crispa,NA,species,not updated,Alnus
9,Alternate-leaf dogwood,0,0,0,73,0,0,0,89,Cornus alternifolia,27813,species,,Cornus
10,Amelanchier alnifolia,1,1,0.023327544,22,0.045454545,4.545454545,0.001060343,368,Amelanchier alnifolia,25109,species,,Amelanchier
11,Amelanchier laevis,0,0,0,1,0,0,0,357,Amelanchier laevis,182046,species,,Amelanchier
12,American basswood,61,27,5725.489931,185,0.32972973,14.59459459,30.94859422,100,Tilia americana,21536,species,,Tilia
13,American beautyberry,0,0,0,19,0,0,0,378,Callicarpa americana,32144,species,,Callicarpa
14,American beech,614,410,5507.609235,6218,0.098745577,6.593760051,0.885752531,1,Fagus grandifolia,19462,species,,Fagus
15,American bladdernut,7,7,51.52143013,291,0.024054983,2.405498282,0.177049588,145,Staphylea trifolia,28646,species,,Staphylea
16,American chestnut,1137,958,10715.52678,10169,0.111810404,9.420788671,1.053744398,98,Castanea dentata,19454,species,,Castanea
17,American elm,40,28,264.3213721,411,0.097323601,6.812652068,0.643117694,59,Ulmus americana,19049,species,,Ulmus
18,American hazelnut,16,15,199.5773115,421,0.038004751,3.562945368,0.474055372,146,Corylus americana,19506,species,,Corylus
19,American holly,49,33,180.1837487,871,0.056257176,3.788748565,0.206869976,80,Ilex opaca,27982,species,,Ilex
20,American hornbeam,101,80,133731.4024,1386,0.072871573,5.772005772,96.48730329,4,Carpinus caroliniana,19504,species,,Carpinus
21,American mountain-ash,4,4,41.10888349,160,0.025,2.5,0.256930522,159,Sorbus americana,25319,species,,Sorbus
22,American plum,39,18,160.8616515,34,1.147058824,52.94117647,4.731225043,343,Prunus americana,24763,species,,Prunus
23,American sweetgum,0,0,0,9,0,0,0,400,Liquidambar styraciflua,19027,species,also known as sweetgum,Liquidambar
24,American sycamore,76,60,822.3842216,362,0.209944751,16.57458564,2.271779618,82,Platanus occidentalis,19020,species,,Platanus
25,American witch-hazel,156,56,5817.214706,371,0.420485175,15.09433962,15.67982401,NA,NA,NA,NA,NA,NA
26,American yellowwood,0,0,0,2,0,0,0,NA,NA,NA,NA,NA,NA
27,Amur honeysuckle,7,7,94.10249468,153,0.045751634,4.575163399,0.615048985,253,Lonicera maackii,35298,species,,Lonicera
28,Amur maple,4,1,281.8272862,36,0.111111111,2.777777778,7.828535729,176,NA,NA,species,check photos,NA
29,Apple spp.,21,15,106.5801405,165,0.127272727,9.090909091,0.645940245,NA,NA,NA,NA,NA,NA
30,Arizona white oak,0,0,0,3,0,0,0,436,Quercus arizonica,19292,species,,Quercus
31,Arrowwood,3,2,2.884604735,41,0.073170732,4.87804878,0.070356213,NA,NA,NA,NA,NA,NA
32,Arrowwood viburnum,0,0,0,6,0,0,0,NA,NA,NA,NA,NA,NA
33,Ash spp.,4,4,70.63516334,164,0.024390244,2.43902439,0.430702215,NA,NA,NA,NA,NA,NA
34,Asimina spp.,0,0,0,14,0,0,0,NA,NA,NA,NA,NA,NA
35,Atlantic white-cedar,0,0,0,2,0,0,0,166,Chamaecyparis thyoides,18046,species,,Chamaecyparis
36,Autumn olive,2,2,2.91113125,84,0.023809524,2.380952381,0.034656324,56,Elaeagnus umbellata,27776,species,,Elaeagnus
37,Azalea,0,0,0,50,0,0,0,210,Rhododendron,23700,species,,Rhododendron
38,Azalea spp.,6,5,79.2036752,20,0.3,25,3.96018376,NA,NA,NA,NA,NA,NA
39,Baccharis halimifolia,0,0,0,32,0,0,0,157,Baccharis halimifolia,35682,species,,Baccharis
40,Bald cypress,0,0,0,8,0,0,0,299,Taxodium,18040,species,,Taxodium
41,Balsam poplar,7,7,458.02382,51,0.137254902,13.7254902,8.980859215,94,Populus balsamifera,22453,species,,Populus
42,Basswood,17,13,236.1979598,132,0.128787879,9.848484848,1.789378483,115,Tilia,21535,species,,Tilia
43,Basswood spp.,0,0,0,38,0,0,0,NA,NA,NA,NA,NA,NA
44,Beaked hazel,18,15,75.06732229,110,0.163636364,13.63636364,0.682430203,85,Corylus cornuta,19507,species,,Corylus
45,Beech,0,0,0,2,0,0,0,187,Fagus,19461,species,,Fagus
46,Beech spp.,0,0,0,37,0,0,0,NA,NA,NA,NA,NA,NA
47,Big-leaf dogwood,1,1,0.077432458,11,0.090909091,9.090909091,0.007039314,NA,NA,NA,NA,NA,NA
48,Bigleaf snowbell,0,0,0,5,0,0,0,399,Styrax grandifolius,505399,species,,Styrax
49,Bigtooth aspen,5,2,10.46519709,12,0.416666667,16.66666667,0.872099757,352,Populus grandidentata,22463,species,,Populus
50,Birch spp.,1,1,0.602103019,9,0.111111111,11.11111111,0.066900335,NA,NA,NA,NA,NA,NA
51,Bitternut hickory,50,39,773.2319981,434,0.115207373,8.986175115,1.781640549,148,Carya cordiformis,19227,species,,Carya
52,Black ash,6,6,37.85349034,36,0.166666667,16.66666667,1.051485843,96,Fraxinus nigra,32945,species,,Fraxinus
53,Black birch,11,11,77.64680895,335,0.032835821,3.28358209,0.231781519,278,Betula lenta,NA,species,more commonly known as sweet birch,Betula
54,Black cherry,345,172,3524.81005,1732,0.199191686,9.930715935,2.035109729,26,Prunus serotina,24764,species,,Prunus
55,Black gum,4,4,4.463327786,221,0.018099548,1.809954751,0.020196053,164,Nyssa sylvatica,27821,species,,Nyssa
56,Black haw,1,1,9.060982472,6,0.166666667,16.66666667,1.510163745,NA,NA,NA,NA,NA,NA
57,Black locust,41,33,433.9348159,434,0.094470046,7.603686636,0.999849806,252,Robinia pseudoacacia,504804,species,,Robinia
58,Black maple,3,3,575.758502,88,0.034090909,3.409090909,6.542710251,125,Acer nigrum,182135,species,,Acer
59,Black mulberry,0,0,0,15,0,0,0,243,Morus nigra,19069,species,,Morus
60,Black oak,1350,30,2397.5963,256,5.2734375,11.71875,9.365610546,137,Quercus velutina,19447,species,,Quercus
61,Black walnut,65,16,118.9920773,187,0.347593583,8.556149733,0.636321269,101,Juglans nigra,19254,species,,Juglans
62,Black willow,3,3,7.315659571,18,0.166666667,16.66666667,0.406425532,365,Salix nigra,22484,species,,Salix
63,Blackgum,89,59,1292.11918,1123,0.079252004,5.253784506,1.150595886,5,Nyssa sylvatica,27821,species,,Nyssa
64,Blackhaw,15,9,244.6440457,80,0.1875,11.25,3.058050571,57,Viburnum prunifolium,35253,species,,Viburnum
65,Blackjack oak,6,6,8.28218991,31,0.193548387,19.35483871,0.267167416,303,Quercus marilandica,19374,species,,Quercus
66,Blue beech,2,2,3.97016721,51,0.039215686,3.921568627,0.077846416,11,Carpinus caroliniana,NA,species,also called american hornbeam,Carpinus
67,Blueberry spp.,6,4,3.71617232,24,0.25,16.66666667,0.154840513,NA,NA,NA,NA,NA,NA
68,Blueberry vaccinium sp.,1,1,2.729739818,13,0.076923077,7.692307692,0.209979986,NA,NA,NA,NA,NA,NA
69,Bottlebrush buckeye,0,0,0,28,0,0,0,293,Aesculus parviflora,28722,species,,Aesculus
70,Box elder (acer negundo),0,0,0,11,0,0,0,NA,NA,NA,NA,NA,NA
71,Boxelder,610,301,5627.208294,2558,0.238467553,11.76700547,2.19984687,7,Acer negundo,28749,species,,Acer
72,Boxelder maple,1,1,5.933072212,23,0.043478261,4.347826087,0.257959661,NA,NA,NA,NA,NA,NA
73,Brambles,0,0,0,15,0,0,0,244,Rubus,24848,species,,Rubus
74,Broadleaf hawthorn,0,0,0,4,0,0,0,272,Crataegus coccinioides,NA,species,not updated,Crataegus
75,Buckeye,29,26,337.2072617,205,0.141463415,12.68292683,1.644913472,172,Aesculus,28714,species,,Aesculus
76,Buckeye spp.,10,7,29.91898131,112,0.089285714,6.25,0.267133762,NA,NA,NA,NA,NA,NA
77,Buckthorn,2,2,4.140212003,99,0.02020202,2.02020202,0.041820323,22,Rhamnus,28561,species,,Rhamnus
78,Buckthorn spp.,0,0,0,27,0,0,0,NA,NA,NA,NA,NA,NA
79,Buffalo nut,3,3,46.87689756,92,0.032608696,3.260869565,0.509531495,258,Pyrularia pubera,504705,species,,Pyrularia
80,Bur oak,5,4,587.7218838,29,0.172413793,13.79310345,20.26627185,111,Quercus macrocarpa,19287,species,,Quercus
81,Burr oak,0,0,0,12,0,0,0,NA,NA,NA,NA,NA,NA
82,Bush honeysuckle (caprifoliaceae family),1,1,2.729739818,73,0.01369863,1.369863014,0.037393696,NA,NA,NA,NA,NA,NA
83,Buttonwood-mangrove,0,0,0,8,0,0,0,NA,NA,NA,NA,NA,NA
84,Buxus sempervirens,0,0,0,3,0,0,0,370,Buxus sempervirens,501097,species,,Buxus
85,Buxus spp.,0,0,0,9,0,0,0,NA,NA,NA,NA,NA,NA
86,California live oak,7,6,56.00145292,40,0.175,15,1.400036323,269,Quercus agrifolia,19289,species,,Quercus
87,California-laurel,3,3,113.9851059,24,0.125,12.5,4.749379413,NA,NA,NA,NA,NA,NA
88,Callery pear,2,2,18.27051212,49,0.040816327,4.081632653,0.372867594,280,Pyrus calleryana,504706,species,,Pyrus
89,Callicarpa americana,0,0,0,16,0,0,0,209,Callicarpa americana,32144,species,,Callicarpa
90,Calycanthus sp.,0,0,0,34,0,0,0,NA,NA,NA,NA,NA,NA
91,Camellia spp.,0,0,0,59,0,0,0,NA,NA,NA,NA,NA,NA
92,Camptotheca spp.,0,0,0,8,0,0,0,NA,NA,NA,NA,NA,NA
93,Canyon grape,0,0,0,9,0,0,0,300,Vitis arizonica,28612,species,,Vitis
94,Carolina ash,10,9,50.41340392,286,0.034965035,3.146853147,0.176270643,143,Fraxinus caroliniana,32941,species,,Fraxinus
95,Carolina cherry laurel,2,2,13.20002406,33,0.060606061,6.060606061,0.400000729,NA,NA,NA,NA,NA,NA
96,Carolina laurel cherry,0,0,0,7,0,0,0,366,Prunus caroliniana,NA,species,mispelled,Prunus
97,Carolina laurelcherry,0,0,0,19,0,0,0,398,Prunus caroliniana,24771,species,,Prunus
98,Carolina silverbell,78,51,470.8391895,415,0.187951807,12.28915663,1.134552264,149,Halesia carolina,23864,species,,Halesia
99,Carpinus spp.,1,1,0.602103019,15,0.066666667,6.666666667,0.040140201,NA,NA,NA,NA,NA,NA
100,Catalpa spp.,0,0,0,23,0,0,0,NA,NA,NA,NA,NA,NA
101,Chalk maple,61,56,710.0937304,901,0.067702553,6.215316315,0.788117348,138,Acer leucoderme,28761,species,,Acer
102,Cherry and plum spp.,13,9,84.79687576,352,0.036931818,2.556818182,0.240900215,NA,NA,NA,NA,NA,NA
103,Cherry laurel,0,0,0,19,0,0,0,297,Prunus laurocerasus,24786,species,,Prunus
104,Cherry spp.,5,5,41.30129639,36,0.138888889,13.88888889,1.147258233,NA,NA,NA,NA,NA,NA
105,Cherrybark oak,47,8,151.0440354,16,2.9375,50,9.440252212,233,Quercus pagoda,195195,species,,Quercus
106,Chestnut oak,13,11,78.40282013,160,0.08125,6.875,0.490017626,79,Quercus montana,19379,species,,Quercus
107,Chinese chestnut,1,1,28.14167656,12,0.083333333,8.333333333,2.345139713,288,Castanea mollissima,501318,species,,Castanea
108,Chinese evergreen oak,0,0,0,5,0,0,0,220,Quercus glauca,NA,species,not updated,Quercus
109,Chinese holly,3,2,0.157864917,24,0.125,8.333333333,0.006577705,383,Ilex cornuta,503155,species,,Ilex
110,Chinese privet,0,0,0,20,0,0,0,386,Ligustrum sinense,32979,species,,Ligustrum
111,Chinese quince,4,3,0.201520004,12,0.333333333,25,0.016793334,183,Chaenomeles,NA,species,not updated,Chaenomeles
112,Chinese tallowtree,5,4,0.540975324,46,0.108695652,8.695652174,0.011760333,207,Triadica sebifera,NA,species,called Chinese tallow tree but that's not updated,Triadica
113,Chokecherry,36,20,574.378229,163,0.220858896,12.26993865,3.523792816,8,Prunus,24762,species,,Prunus
114,Clerya spp.,0,0,0,25,0,0,0,NA,NA,NA,NA,NA,NA
115,Coastal azalea,1,1,9.060982472,21,0.047619048,4.761904762,0.431475356,226,Rhododendron atlanticum ,NA,species,diff name,Rhododendron
116,Cockspur hawthorn,4,3,7.770672198,9,0.444444444,33.33333333,0.863408022,410,Crataegus crus-galli,24552,species,,Crataegus
117,Common buckthorn,0,0,0,18,0,0,0,14,Rhamnus cathartica,28573,species,,Rhamnus
118,Common buttonbush,0,0,0,19,0,0,0,271,Cephalanthus occidentalis,34786,species,,Cephalanthus
119,Common gardenia,0,0,0,8,0,0,0,389,Gardenia volkensii,845972,species,,Gardenia
120,Common ninebark,0,0,0,8,0,0,0,249,Physocarpus opulifolius,25282,species,,Physocarpus
121,Common persimmon,271,224,3352.471259,2360,0.114830508,9.491525424,1.420538669,81,Diospyros virginiana,23855,species,,Diospyros
122,Common privet,0,0,0,3,0,0,0,284,Ligustrum vulgare,NA,species,not updated,Ligustrum
123,Common serviceberry,10,8,28.60698525,115,0.086956522,6.956521739,0.248756393,77,Amelanchier arborea,25110,species,,Amelanchier
124,Common spicebush,0,0,0,2,0,0,0,232,Lindera benzoin,NA,species,more commonly known as northern spicebush,Lindera
125,Cornelian-cherry dogwood,10,1,0.378053654,17,0.588235294,5.882352941,0.02223845,178,Cornus mas,NA,species,not updated,Cornus
126,Cornus mas,0,0,0,14,0,0,0,120,Cornus mas,565094,species,,Cornus
127,Cornus stolonifera,0,0,0,26,0,0,0,35,Cornus sericea ssp. Sericea,NA,species,not updated,Cornus
128,Cottonwood and poplar spp.,0,0,0,41,0,0,0,NA,NA,NA,NA,NA,NA
129,Crab apple sp,0,0,0,6,0,0,0,NA,NA,NA,NA,NA,NA
130,Crepe myrtle,0,0,0,71,0,0,0,420,Lagerstroemia indica,NA,species,also known as,Lagerstroemia
131,Cucumber magnolia,64,45,478.0567543,596,0.10738255,7.55033557,0.802108648,147,Cucumbertree,NA,species,not updated,Cucumbertree
132,Cyrilla racemiflora,0,0,0,7,0,0,0,305,Cyrilla racemiflora,23449,species,,Cyrilla
133,Dogwood spp.,332,29,11271.06929,800,0.415,3.625,14.08883661,NA,NA,NA,NA,NA,NA
134,Dwarf pawpaw,88,63,279.2972336,554,0.158844765,11.37184116,0.504146631,141,Asimina pygmea,18114,species,,Asimina
135,Eastern hemlock,1,1,0.181391432,11,0.090909091,9.090909091,0.01649013,193,Tsuga canadensis,183397,species,,Tsuga
136,Eastern hophornbeam,68,25,1882.938089,210,0.323809524,11.9047619,8.966371852,107,Ostrya virginiana,19511,species,,Ostrya
137,Eastern redbud,44,28,364.4085967,806,0.054590571,3.473945409,0.452119847,66,Cercis canadensis,25782,species,,Cercis
138,Eastern sweet shrub,0,0,0,9,0,0,0,NA,NA,NA,NA,NA,NA
139,Eastern white pine,1,1,0.602103019,22,0.045454545,4.545454545,0.027368319,194,Pinus strobus,183385,species,,Pinus
140,Edgeworthia chrysantha,0,0,0,6,0,0,0,336,Edgeworthia chrysantha,512730,species,,Edgeworthia
141,Elderberry,0,0,0,15,0,0,0,196,Sambucus,35315,species,,Sambucus
142,Elm,8,3,319.663897,7,1.142857143,42.85714286,45.66627101,53,Ulmus,19048,species,,Ulmus
143,Elm spp.,16,15,347.4848096,438,0.03652968,3.424657534,0.793344314,NA,NA,NA,NA,NA,NA
144,Eriobotrya japonica,0,0,0,8,0,0,0,407,Eriobotrya japonica,502403,species,,Eriobotrya
145,Euonymus alatus,0,0,0,7,0,0,0,345,Euonymus alatus,27946,species,,Euonymus
146,Euonymus japonicus,0,0,0,5,0,0,0,371,Euonymus japonicus,894987,species,,Euonymus
147,European beech,0,0,0,7,0,0,0,289,Fagus sylvatica,502590,species,,Fagus
148,European horse chestnut,0,0,0,2,0,0,0,440,Aesculus hippocastanum,28721,species,,Aesculus
149,European spindletree,0,0,0,10,0,0,0,184,Euonymus europaeus,27949,species,,Euonymus
150,Fagus sylvatica,3,3,12.09346281,26,0.115384615,11.53846154,0.465133185,135,Fagus sylvatica,502590,species,,Fagus
151,Fanleaf hawthorn,7,6,213.2146455,22,0.318181818,27.27272727,9.691574797,279,Crataegus flabellata,24561,species,,Crataegus
152,Feijoa sellowiana,0,0,0,15,0,0,0,330,Acca sellowiana,NA,species,not updated,Acca
153,Ficus spp.,0,0,0,34,0,0,0,NA,NA,NA,NA,NA,NA
154,Fig,0,0,0,10,0,0,0,295,Ficus,19081,species,,Ficus
155,Fishpole bamboo,0,0,0,8,0,0,0,387,Phyllostachys aurea,NA,species,also known as golden bamboo,Phyllostachys
156,Florida azalea,3,3,9.387050536,16,0.1875,18.75,0.586690658,229,Rhododendron austrinum,23705,species,,Rhododendron
157,Florida forestiera,0,0,0,12,0,0,0,265,Forestiera segregata,NA,species,more commonly known as florida privet?,Forestiera
158,Florida maple,0,0,0,64,0,0,0,71,Acer floridanum,183691,species,,Acer
159,Flowering dogwood,30,29,221.5445036,900,0.033333333,3.222222222,0.24616056,44,Cornus florida,27806,species,,Cornus
160,Forsythia,0,0,0,14,0,0,0,160,Forsythia,32961,species,,Forsythia
161,Forsythia spp.,0,0,0,19,0,0,0,NA,NA,NA,NA,NA,NA
162,Fragrant wintersweet,3,3,3.486499844,13,0.230769231,23.07692308,0.268192296,182,NA,NA,species,unknown,NA
163,Frangula alnus,0,0,0,2,0,0,0,254,Rhamnus frangula,NA,species,not updated,Rhamnus
164,Fraser magnolia,35,29,359.2150436,429,0.081585082,6.75990676,0.837331104,NA,NA,NA,NA,NA,NA
165,Fringetree,9,9,186.5593312,235,0.038297872,3.829787234,0.793869494,142,Chionanthus,32948,species,,Chionanthus
166,Gardenia spp.,0,0,0,38,0,0,0,NA,NA,NA,NA,NA,NA
167,Gaylussacia baccata,1,1,2.729739818,26,0.038461538,3.846153846,0.104989993,154,Gaylussacia baccata,23660,species,,Gaylussacia
168,Ginkgo,0,0,0,240,0,0,0,46,Ginkgo,183264,species,,Ginkgo
169,Golden rain tree,0,0,0,40,0,0,0,213,Koelreuteria elegans,503285,species,,Koelreuteria
170,Gray birch,6,6,32.43851279,50,0.12,12,0.648770256,321,Betula populifolia,19497,species,,Betula
171,Great rhododendron,87,69,403.0324292,934,0.093147752,7.3875803,0.431512237,256,Rhododendron maximum,NA,species,more commonly known as great laurel,Rhododendron
172,Green alder,2,2,9.084310015,12,0.166666667,16.66666667,0.757025835,369,Alnus viridis,181892,species,,Alnus
173,Green ash,2,2,234.052774,118,0.016949153,1.694915254,1.983498084,97,Fraxinus pennsylvanica,32929,species,,Fraxinus
174,Grey dogwood,1,1,0.602103019,12,0.083333333,8.333333333,0.050175252,287,Cornus racemosa,NA,species,mispelled,Cornus
175,Groundsel tree,0,0,0,7,0,0,0,385,Baccharis halimifolia,NA,species,also known as eastern baccharis,Baccharis
176,Gum bumelia,0,0,0,8,0,0,0,380,Sideroxylon lanuginosum ssp. lanuginosum,524695,species,,Sideroxylon
177,Hackberry,23,15,213.0904761,144,0.159722222,10.41666667,1.479794973,24,Celtis,19039,species,,Celtis
178,Hackberry spp.,16,12,293.0804253,129,0.124031008,9.302325581,2.271941281,NA,NA,NA,NA,NA,NA
179,Halesia tetraptera,0,0,0,12,0,0,0,45,Halesia carolina,NA,species,not updated,Halesia
180,Hamamelis virginiana,24,12,510.7853513,44,0.545454545,27.27272727,11.60875799,39,Hamamelis virginiana,19033,species,,Hamamelis
181,Hawthorn sp.,12,10,166.9228382,78,0.153846154,12.82051282,2.140036387,NA,NA,NA,NA,NA,NA
182,Hawthorn spp.,3,3,79.86885768,53,0.056603774,5.660377358,1.506959579,NA,NA,NA,NA,NA,NA
183,Hazel alder,12,10,153.5029813,216,0.055555556,4.62962963,0.71066195,133,Alnus serrulata,19468,species,,Alnus
184,Hazelnut,0,0,0,79,0,0,0,109,Corylus,19505,species,,Corylus
185,Heavenly bamboo,0,0,0,17,0,0,0,384,Nandina domestica,18848,species,,Nandina
186,Hedge maple,0,0,0,18,0,0,0,199,Acer campestre,28739,species,,Acer
187,Hibiscus coccineus albus,0,0,0,2,0,0,0,449,Hibiscus coccineus,21625,species,possibly just Hibiscus coccineus,Hibiscus
188,Hibiscus moscheutos,0,0,0,4,0,0,0,451,Hibiscus moscheutos,21612,species,,Hibiscus
189,Hickory spp.,16,14,80.22970369,243,0.065843621,5.761316872,0.33016339,NA,NA,NA,NA,NA,NA
190,Highbush blueberry,59,23,173.32818,120,0.491666667,19.16666667,1.4444015,118,Vaccinium corymbosum,23573,species,,Vaccinium
191,Honey locust,3,2,28.82121204,9,0.333333333,22.22222222,3.202356893,411,Gleditsia triacanthos,26714,species,,Gleditsia
192,Honey suckle,1,1,111.1779336,15,0.066666667,6.666666667,7.411862243,NA,NA,NA,NA,NA,NA
193,Honeylocust,0,0,0,2,0,0,0,83,Gleditsia,26711,species,,Gleditsia
194,Honeysuckle,4,3,18.76346267,50,0.08,6,0.375269253,18,Lonicera,35281,species,,Lonicera
195,Honeysuckle spp.,1,1,1.998595201,69,0.014492754,1.449275362,0.028965148,NA,NA,NA,NA,NA,NA
196,Hop hornbeam,4,4,4.884039373,153,0.026143791,2.614379085,0.031921826,NA,NA,NA,NA,NA,NA
197,Hop-hornbeam,1,1,0.351053654,20,0.05,5,0.017552683,NA,NA,NA,NA,NA,NA
198,Hornbeam,0,0,0,9,0,0,0,224,Carpinus,19503,species,,Carpinus
199,Horned maple,0,0,0,17,0,0,0,204,Acer diabolicum,NA,species,didn't match,Acer
200,Horse chestnut,0,0,0,6,0,0,0,435,Aesculus,28714,species,,Aesculus
201,Huckleberry,0,0,0,19,0,0,0,108,NA,NA,species,check photos,NA
202,Hydrangea,0,0,0,7,0,0,0,19,Hydrangea,24194,species,,Hydrangea
203,Hydrangea quercifolia,1,1,0.003,9,0.111111111,11.11111111,3.33333e-4,124,Hydrangea quercifolia,24200,species,,Hydrangea
204,Hydrangeas,0,0,0,8,0,0,0,NA,NA,NA,NA,NA,NA
205,Ilex ambigua,0,0,0,1,0,0,0,448,Ilex ambigua,27987,species,,Ilex
206,Ilex glabra,1,1,0.351053654,7,0.142857143,14.28571429,0.050150522,304,Ilex glabra,27981,species,,Ilex
207,Ilex verticillata,1,1,1.410472185,95,0.010526316,1.052631579,0.014847076,114,Ilex verticillata,27985,species,,Ilex
208,Illicium spp.,1,1,21.22604164,13,0.076923077,7.692307692,1.632772434,NA,NA,NA,NA,NA,NA
209,Ironwood,0,0,0,2,0,0,0,70,NA,NA,species,check photos,NA
210,Itea virginica,0,0,0,38,0,0,0,322,Itea virginica,24202,species,,Itea
211,Japanese apricot,4,2,17.25020193,67,0.059701493,2.985074627,0.2574657,174,Prunus mume,506231,species,,Prunus
212,Japanese cherry,0,0,0,7,0,0,0,NA,NA,NA,NA,NA,NA
213,Japanese knotweed,0,0,0,5,0,0,0,239,Fallopia japonica,565897,species,,Fallopia
214,Japanese maple,17,5,16.21678636,169,0.100591716,2.958579882,0.095957316,17,Acer palmatum,182136,species,,Acer
215,Japanese privet,1,1,9.060982472,97,0.010309278,1.030927835,0.09341219,171,Ligustrum japonicum,503449,species,,Ligustrum
216,Japanese snowbell,1,1,0.351053654,20,0.05,5,0.017552683,177,Styrax japonicus,505974,species,,Styrax
217,Japanese spindle tree,0,0,0,8,0,0,0,NA,NA,NA,NA,NA,NA
218,Japanese zelkova,0,0,0,6,0,0,0,190,Zelkova serrata,505790,species,,Zelkova
219,Jetbead,0,0,0,16,0,0,0,242,Rhodotypos scandens,25298,species,,Rhodotypos
220,Kalopanax septemlobus,2,1,0.154864917,12,0.166666667,8.333333333,0.01290541,121,Kalopanax septemlobus,565257,species,,Kalopanax
221,Kentucky yellowwood,0,0,0,23,0,0,0,126,Cladrastis kentukea,26539,species,,Cladrastis
222,Koelreuteria paniculata,0,0,0,6,0,0,0,354,Koelreuteria paniculata,503286,species,,Koelreuteria
223,Kousa dogwood,0,0,0,95,0,0,0,290,Cornus kousa,507498,species,,Cornus
224,Kwanzan cherry,1,1,0.181391432,26,0.038461538,3.846153846,0.006976594,285,Prunus serrulata,NA,species,more commonly known as japanese flowering cherry,Prunus
225,Laurel oak,1,1,0.351053654,37,0.027027027,2.702702703,0.009487937,221,Quercus laurifolia,19368,species,,Quercus
226,Leatherleaf mahonia,0,0,0,19,0,0,0,381,Mahonia bealei,NA,species,not updated,Mahonia
227,Leucothoe axillaris,0,0,0,4,0,0,0,306,Leucothoe axillaris,23550,species,,Leucothoe
228,Lilac,3,1,0.232297375,9,0.333333333,11.11111111,0.025810819,25,Syringa,32994,species,,Syringa
229,Lilac spp.,1,1,13.1225916,53,0.018867925,1.886792453,0.247596068,NA,NA,NA,NA,NA,NA
230,Lindera benzoin,11,10,32.15556636,149,0.073825503,6.711409396,0.21580917,236,Lindera benzoin,18147,species,,Lindera
231,Littleleaf linden,1,1,1.410472185,86,0.011627907,1.162790698,0.016400839,325,Tilia cordata,505507,species,,Tilia
232,Live oak,3,3,10.54888712,252,0.011904762,1.19047619,0.041860663,31,Quercus virginiana,19283,species,,Quercus
233,Loblolly pine,1,1,0.077432458,10,0.1,10,0.007743246,426,Pinus taeda,18037,species,,Pinus
234,Loebner magnolia,0,0,0,14,0,0,0,198,NA,NA,species,unsure,NA
235,Lonicera hispidula var. vacillans,0,0,0,11,0,0,0,270,Lonicera hispidula var. vacillans,528895,species,,Lonicera
236,Lonicera involucrata,5,4,66.43119228,10,0.5,40,6.643119228,418,Lonicera involucrata,35297,species,,Lonicera
237,Lonicera japonica,0,0,0,3,0,0,0,65,Lonicera japonica,35283,species,,Lonicera
238,Magnolia figo,0,0,0,13,0,0,0,334,Liriodendron chinese,NA,species,I think? Diff common name,Liriodendron
239,Magnolia spp.,0,0,0,64,0,0,0,NA,NA,NA,NA,NA,NA
240,Malus sargentii,0,0,0,39,0,0,0,47,Malus sieboldii,NA,species,not updated,Malus
241,Malus siberica,12,6,191.4861884,16,0.75,37.5,11.96788678,117,Malus baccata,NA,species,not updated,Malus
242,Maple,0,0,0,4,0,0,0,52,Acer,28727,species,,Acer
243,Maple leaf viburnum,2,1,0.046655087,10,0.2,10,0.004665509,NA,NA,NA,NA,NA,NA
244,Maple spp.,21,19,2120.892099,373,0.056300268,5.09383378,5.686037798,NA,NA,NA,NA,NA,NA
245,Mapleleaf viburnum,6,5,10.45435447,77,0.077922078,6.493506494,0.135770837,78,Viburnum acerifolium,35255,species,,Viburnum
246,Merrill magnolia,2,1,0.702107308,7,0.285714286,14.28571429,0.100301044,218,NA,NA,species,unsure: maybe the same cross species as loebrni,NA
247,Mockernut hickory,1,1,0.351053654,75,0.013333333,1.333333333,0.004680715,150,Carya tomentosa,19247,species,,Carya
248,Morella caroliniensis,0,0,0,32,0,0,0,156,Morella caroliniensis,507898,species,,Morella
249,Morella cerifera,56,11,1287.983044,229,0.244541485,4.80349345,5.624380106,208,Morella cerifera,507899,species,,Morella
250,Mountain holly,0,0,0,13,0,0,0,259,Ilex montana,28002,species,,Ilex
251,Mountain laurel,46,31,539.2652736,454,0.101321586,6.828193833,1.187808973,191,Kalmia latifolia,23677,species,,Kalmia
252,Mountain maple,2,1,3.409067386,6,0.333333333,16.66666667,0.568177898,397,Acer spicatum,28758,species,,Acer
253,Mountain or fraser magnolia,9,8,21.33007161,34,0.264705882,23.52941176,0.627355047,NA,NA,NA,NA,NA,NA
254,Mountain winterberry,41,35,326.811394,1030,0.039805825,3.398058252,0.317292616,277,Ilex montana,28002,species,,Ilex
255,Mulberry spp.,1,1,2.729739818,61,0.016393443,1.639344262,0.044749833,NA,NA,NA,NA,NA,NA
256,Multiflora rose,2,2,11.05957767,39,0.051282051,5.128205128,0.283578915,245,Rosa multiflora,24833,species,,Rosa
257,Myrica cerifera,2,2,50.14053842,63,0.031746032,3.174603175,0.795881562,113,Morella cerifera ,NA,species,not updated,Morella
258,Myrobalan plum,0,0,0,3,0,0,0,439,Prunus cerasifera,24772,species,,Prunus
259,N/A,494,250,5242.088077,2190,0.225570776,11.41552511,2.393647524,NA,NA,NA,NA,NA,NA
260,Na,0,0,0,10,0,0,0,422,NA,NA,species,,NA
261,Nandina domestica,0,0,0,18,0,0,0,350,Nandina domestica,18848,species,,Nandina
262,Nerium oleander,0,0,0,2,0,0,0,372,Nerium oleander,30184,species,,Nerium
263,Northern catalpa,0,0,0,7,0,0,0,292,NA,NA,species,check photos,NA
264,Northern red oak,253,97,6090.659101,647,0.391035549,14.99227202,9.413692583,69,Quercus rubra,19408,species,,Quercus
265,Northern spicebush,51,19,191.242154,493,0.103448276,3.853955375,0.38791512,240,Lindera benzoin,18147,species,,Lindera
266,Norway maple,6,6,5.256517077,210,0.028571429,2.857142857,0.025031034,32,Acer platanoides,28755,species,,Acer
267,Norway spruce,0,0,0,4,0,0,0,437,Picea abies,183289,species,,Picea
268,Nutmeg hickory,0,0,0,12,0,0,0,201,Carya myristiciformis,19239,species,,Carya
269,Oak spp.,124,66,1887.681016,411,0.301703163,16.05839416,4.59289785,NA,NA,NA,NA,NA,NA
270,Oakleaf hydrangea,0,0,0,29,0,0,0,319,Hydrangea quercifolia,24200,species,,Hydrangea
271,Ohio buckeye,12,3,42.97090272,47,0.255319149,6.382978723,0.914274526,247,Aesculus glabra,28718,species,,Aesculus
272,Olea spp.,0,0,0,15,0,0,0,NA,NA,NA,NA,NA,NA
273,Olive quihoui??,1,1,0.181391432,15,0.066666667,6.666666667,0.012092762,NA,NA,NA,NA,NA,NA
274,Oregon crab apple,0,0,0,4,0,0,0,311,Malus fusca,25258,species,,Malus
275,Oriental bittersweet,0,0,0,30,0,0,0,241,Celastrus orbiculatus,506068,species,,Celastrus
276,Osage orange,0,0,0,16,0,0,0,203,Maclura pomifera,19102,species,,Maclura
277,Osmanthus fragrans,1,1,2.729739818,36,0.027777778,2.777777778,0.075826106,332,Osmanthus fragrans,505977,species,,Osmanthus
278,Overcup oak,0,0,0,3,0,0,0,165,Quercus lyrata,19278,species,,Quercus
279,Ozark witch hazel,0,0,0,1,0,0,0,250,Hamamelis vernalis,NA,species,mispelled,Hamamelis
280,Pacific madrone,16,10,259.8416475,39,0.41025641,25.64102564,6.662606347,268,Arbutus menziesii,23627,species,,Arbutus
281,Paper birch,107,88,1039.200453,1009,0.10604559,8.721506442,1.029931073,3,Betula papyrifera,19489,species,,Betula
282,Pawpaw,89,20,520.3064649,386,0.230569948,5.18134715,1.34794421,132,Asimina,18108,species,,Asimina
283,Peach,0,0,0,17,0,0,0,344,Prunus persica,24765,species,,Prunus
284,Pear spp.,3,3,6.440057927,97,0.030927835,3.092783505,0.06639235,NA,NA,NA,NA,NA,NA
285,Pear tree,0,0,0,2,0,0,0,NA,NA,NA,NA,NA,NA
286,Pecan,0,0,0,58,0,0,0,348,Carya illinoinensis,19234,species,,Carya
287,Persian ironwood,0,0,0,17,0,0,0,202,Parrotia persica,895220,species,,Parrotia
288,Persimmon spp.,2,2,274.9509385,45,0.044444444,4.444444444,6.110020855,NA,NA,NA,NA,NA,NA
289,Piedmont azalea,5,4,107.7231914,19,0.263157895,21.05263158,5.669641651,228,NA,NA,species,check photos,NA
290,Pignut hickory,13,10,436.2642247,200,0.065,5,2.181321124,76,Carya glabra,19231,species,,Carya
291,Pin cherry,0,0,0,17,0,0,0,15,Prunus pensylvanica,24799,species,,Prunus
292,Pin oak,758,105,5437.454823,631,1.201267829,16.64025357,8.617202572,140,Quercus palustris,19281,species,,Quercus
293,Plumleaf azalea,2,2,5.029585742,19,0.105263158,10.52631579,0.264715039,227,Rhododendron prunifolium,23728,species,,Rhododendron
294,Podocarpus,1,1,0.077432458,15,0.066666667,6.666666667,0.005162164,264,Podocarpus,183488,species,,Podocarpus
295,Possumhaw,0,0,0,9,0,0,0,200,NA,NA,species,check photos,NA
296,Post oak,0,0,0,7,0,0,0,432,Quercus stellata,19422,species,,Quercus
297,Privet,2,1,3767.233853,2,1,50,1883.616927,167,NA,NA,species,check photos,NA
298,Privet spp.,4,4,28.98869661,54,0.074074074,7.407407407,0.536827715,NA,NA,NA,NA,NA,NA
299,Prunus laurocerasus,1,1,0.077432458,7,0.142857143,14.28571429,0.01106178,413,Prunus laurocerasus,24786,species,,Prunus
300,Prunus maritima,1,1,0.023327544,49,0.020408163,2.040816327,4.76072e-4,155,Prunus maritima,24790,species,,Prunus
301,Prunus sargentii,0,0,0,3,0,0,0,442,Pseudophoenix sargentii ssp. Sargentii,524598,species,possibly known as Sargent's cherry palm,Pseudophoenix
302,Prunus serulata (japanese cherry blossom),0,0,0,2,0,0,0,NA,NA,NA,NA,NA,NA
303,Prunus spp. (apricot),0,0,0,8,0,0,0,402,Prunus,NA,species,,Prunus
304,Prunus spp. (cherry),2,2,0.25882389,6,0.333333333,33.33333333,0.043137315,403,Prunus,NA,species,,Prunus
305,Prunus spp.(plum),0,0,0,9,0,0,0,NA,NA,NA,NA,NA,NA
306,Prunus umbellata,0,0,0,2,0,0,0,447,Prunus umbellata,24805,species,,Prunus
307,Punica spp.,1,1,0.602103019,8,0.125,12.5,0.075262877,NA,NA,NA,NA,NA,NA
308,Pussy willow,0,0,0,6,0,0,0,409,Salix discolor,22524,species,,Salix
309,Quaking aspen,24,15,139.7346967,66,0.363636364,22.72727273,2.117192374,12,Populus tremuloides,195773,species,,Populus
310,Quercus hemispherica,0,0,0,2,0,0,0,446,Quercus hemisphaerica,195108,species,mispelled,Quercus
311,Quercus montana,2,2,111.3593251,12,0.166666667,16.66666667,9.279943756,234,Quercus montana,19379,species,,Quercus
312,Quercus nuttallii,0,0,0,1,0,0,0,450,Quercus texana,195188,species,not updated,Quercus
313,Quercus robur,0,0,0,5,0,0,0,353,Quercus robur,19405,species,,Quercus
314,Quihoui???,0,0,0,14,0,0,0,NA,NA,NA,NA,NA,NA
315,Red bay,0,0,0,5,0,0,0,NA,NA,NA,NA,NA,NA
316,Red buckeye,3,1,63.67812492,26,0.115384615,3.846153846,2.449158651,180,Aesculus pavia,28723,species,,Aesculus
317,Red elderberry,0,0,0,3,0,0,0,346,Sambucus racemosa,35326,species,,Sambucus
318,Red maple,2585,2067,27232.80619,17263,0.149742223,11.97358512,1.577524543,54,Acer rubrum,28728,species,,Acer
319,Red mulberry,0,0,0,25,0,0,0,223,Morus rubra,19070,species,,Morus
320,Red oak,1405,1127,10094.51833,10988,0.127866764,10.25664361,0.918685687,131,NA,NA,species,check photos,NA
321,Red osier dogwood,7,5,39.05716297,18,0.388888889,27.77777778,2.169842387,NA,NA,NA,NA,NA,NA
322,Red osier dogwood (cornus sericea),0,0,0,54,0,0,0,NA,NA,NA,NA,NA,NA
323,Red-osier dogwood,4,4,12.13009771,40,0.1,10,0.303252443,NA,NA,NA,NA,NA,NA
324,Redbay,4,2,30.3336792,12,0.333333333,16.66666667,2.5278066,205,Persea borbonia,18149,species,,Persea
325,Redosier dogwood,10,9,36.58225985,66,0.151515152,13.63636364,0.554276664,90,Cornus sericea,501637,species,,Cornus
326,Reeves spiraea,0,0,0,8,0,0,0,391,Spiraea prunifolia,NA,species,bridalsreath spiraea is more common,Spiraea
327,Rhamnus cathartica,0,0,0,20,0,0,0,102,Rhamnus cathartica,28573,species,,Rhamnus
328,Rhododendron,11,10,167.4383793,894,0.012304251,1.118568233,0.187291252,20,Rhododendron,23700,species,,Rhododendron
329,Rhododendron austrinum,11,6,25.19308892,17,0.647058824,35.29411765,1.481946407,231,Rhododendron austrinum,23705,species,,Rhododendron
330,Rhododendron canescens,0,0,0,16,0,0,0,230,Rhododendron canescens,23712,species,,Rhododendron
331,Rhododendron sp,3,1,1.053160961,23,0.130434783,4.347826087,0.045789607,NA,NA,NA,NA,NA,NA
332,Rhododendron spp.,4,3,9.840522237,61,0.06557377,4.918032787,0.161320037,NA,NA,NA,NA,NA,NA
333,Rhus copallinum,0,0,0,6,0,0,0,326,Rhus copallinum,504754,species,,Rhus
334,Rhus glabra,1,1,21.22604164,47,0.021276596,2.127659574,0.451617907,38,Rhus glabra,28782,species,,Rhus
335,Rhus typhina,3,3,7.589280766,36,0.083333333,8.333333333,0.210813355,276,Rhus typhina,28777,species,,Rhus
336,River birch,38,21,776.8438355,318,0.119496855,6.603773585,2.442905143,211,Betula nigra,19480,species,,Betula
337,Rosa acicularis,4,4,8.963797851,10,0.4,40,0.896379785,416,Rosa acicularis,24812,species,,Rosa
338,Rose,0,0,0,9,0,0,0,317,Rosa,24807,species,,Rosa
339,Rose of sharon,0,0,0,25,0,0,0,217,Hibiscus syriacus,21638,species,,Hibiscus
340,Roughleaf dogwood,0,0,0,9,0,0,0,316,Cornus drummondii,27807,species,,Cornus
341,Rubus idaeus,2,1,22.17613516,10,0.2,10,2.217613516,417,Rubus idaeus,24947,species,,Rubus
342,Russian-olive,0,0,0,35,0,0,0,212,Elaeagnus angustifolia,27770,species,,Elaeagnus
343,Sassafras,72,33,1599.705579,351,0.205128205,9.401709402,4.557565752,119,Sassafras,18157,species,,Sassafras
344,Scarlet oak,26,19,119.8931757,169,0.153846154,11.24260355,0.709427075,42,Quercus coccinea,19288,species,,Quercus
345,Scrub oak,11,10,86.55239512,194,0.056701031,5.154639175,0.446146367,152,Quercus berberidifolia,507263,species,,Quercus
346,Serviceberry,555,464,4123.035291,4970,0.11167002,9.336016097,0.829584566,23,Amelanchier,25108,species,,Amelanchier
347,Serviceberry spp.,8,8,49.28817039,277,0.028880866,2.888086643,0.177935633,NA,NA,NA,NA,NA,NA
348,Shagbark hickory,99,21,60228.37454,91,1.087912088,23.07692308,661.8502696,340,Carya ovata,19242,species,,Carya
349,Shellbark hickory,0,0,0,26,0,0,0,320,NA,NA,species,check photos,NA
350,Shining willow,0,0,0,3,0,0,0,438,Salix lucida,22554,species,,Salix
351,Shumard oak,0,0,0,11,0,0,0,313,Quercus shumardii,NA,species,known as Shumard's oak,Quercus
352,Siberian elm,0,0,0,8,0,0,0,168,Ulmus pumila,19057,species,,Ulmus
353,Silky dogwood,0,0,0,10,0,0,0,314,Cornus amomum,27799,species,,Cornus
354,Silver maple,58,10,2166.015415,126,0.46031746,7.936507937,17.19059853,315,Acer saccharinum,28757,species,,Acer
355,Silver poplar,0,0,0,27,0,0,0,396,Populus alba,NA,species,also known as white poplar,Populus
356,Silverbell spp.,6,5,14.73967534,18,0.333333333,27.77777778,0.818870852,NA,NA,NA,NA,NA,NA
357,Slippery elm,14,12,142.9458429,245,0.057142857,4.897959184,0.58345242,139,Ulmus rubra,19050,species,,Ulmus
358,Sour cherry,2,2,11.79072229,20,0.1,10,0.58953611399999994,99,Prunus cerasus,24773,species,,Prunus
359,Sourwood,76,69,1199.0294040000001,906,0.08388521,7.61589404,1.323432013,51,Oxydendrum,23689,species,,Oxydendrum
360,Southern bayberry,0,0,0,6,0,0,0,327,Morella caroliniensis,507898,species,,Morella
361,Southern catalpa,0,0,0,34,0,0,0,162,Catalpa bignonioides,34313,species,,Catalpa
362,Southern crab apple,1,1,111.1779336,62,0.016129032,1.612903226,1.793192478,296,Malus angustifolia,25255,species,,Malus
363,Southern crabapple,0,0,0,30,0,0,0,341,Malus angustifolia,25255,species,,Malus
364,Southern magnolia,5,4,21.06422894,105,0.047619048,3.80952381,0.200611704,136,Magnolia grandiflora,18074,species,,Magnolia
365,Southern red oak,10,10,75.49088931,221,0.045248869,4.524886878,0.341587734,169,Quercus falcata,19277,species,,Quercus
366,Southern sugar maple,1,1,3473.420665,68,0.014705882,1.470588235,51.07971566,170,Acer saccharum var. saccharum,NA,species,not updated,Acer
367,Speckled alder,34,13,1769.815647,69,0.492753623,18.84057971,25.64950213,86,NA,NA,species,check photos,NA
368,Speckled japanese aralla,0,0,0,10,0,0,0,294,Fatsia japonica,NA,species,more commonly known as paperplant,Fatsia
369,Spicebush,98,92,3772.522627,2269,0.043190833,4.054649625,1.66263668,60,Lindera,18146,species,,Lindera
370,Staghorn sumac,1,1,3.619113556,36,0.027777778,2.777777778,0.100530932,444,Rhus typhina,28777,species,,Rhus
371,Stewartia rostrata,0,0,0,22,0,0,0,130,Stewartia,NA,species,not sure what else,Stewartia
372,Stiff dogwood,0,0,0,16,0,0,0,175,Cornus foemina,27802,species,,Cornus
373,Strawberry bush,0,0,0,8,0,0,0,393,Euonymus americanus,27947,species,,Euonymus
374,Stretchberry,0,0,0,9,0,0,0,382,Forestiera pubescens,32957,species,,Forestiera
375,Striped maple,1598,1197,16353.52616,10298,0.155175762,11.62361624,1.588029341,40,Acer pensylvanicum,28754,species,,Acer
376,Sugar maple,321,234,4083.381426,5521,0.058141641,4.238362615,0.739609025,9,Acer saccharum,28731,species,,Acer
377,Sugarberry,3,2,4.59929342,16,0.1875,12.5,0.287455839,338,Celtis laevigata,19042,species,,Celtis
378,Sumac spp.,2,2,0.783494451,41,0.048780488,4.87804878,0.019109621,NA,NA,NA,NA,NA,NA
379,Swamp chestnut oak,0,0,0,20,0,0,0,75,Quercus michauxii,19279,species,,Quercus
380,Swamp white oak,26,20,291.2763965,252,0.103174603,7.936507937,1.155858716,161,Quercus bicolor,19300,species,,Quercus
381,Sweet birch,5,4,22.3533815,45,0.111111111,8.888888889,0.496741811,185,Betula lenta,19487,species,,Betula
382,Sweet cherry,144,11,53.98691345,51,2.823529412,21.56862745,1.05856693,339,Prunus avium,24770,species,,Prunus
383,Sweet crab apple,62,14,1341.515926,245,0.253061224,5.714285714,5.47557521,273,Malus coronaria,25257,species,,Malus
384,Sweet gum,0,0,0,10,0,0,0,NA,NA,NA,NA,NA,NA
385,Sweetbay,0,0,0,38,0,0,0,301,Magnolia virginiana,18070,species,,Magnolia
386,Sweetbay magnolia,0,0,0,5,0,0,0,401,Magnolia virginiana,18070,species,also known as sweetbay,Magnolia
387,Sweetgum,1512,458,5332.192235,4798,0.315131305,9.545644018,1.111336439,49,Liquidambar,19026,species,,Liquidambar
388,Symplocos tinctoria,5,4,113.0115259,154,0.032467532,2.597402597,0.733841077,103,Symplocos tinctoria,23878,species,,Symplocos
389,Symplocos tinctotria,1,1,15.5407723,16,0.0625,6.25,0.971298269,NA,NA,NA,NA,NA,NA
390,Syringa reticulata,0,0,0,1,0,0,0,356,Syringa reticulata,507196,species,,Syringa
391,Syringa vulgaris,0,0,0,4,0,0,0,434,Syringa vulgaris,32996,species,,Syringa
392,Tamarack,1,1,2.729739818,18,0.055555556,5.555555556,0.151652212,91,NA,NA,species,check photos,NA
393,Tanoak,8,7,36.59015246,57,0.140350877,12.28070175,0.641932499,267,Lithocarpus,19463,species,,Lithocarpus
394,Tatarian honeysuckle,1,1,0.181391432,38,0.026315789,2.631578947,0.004773459,106,Lonicera tatarica,35306,species,,Lonicera
395,Tilia cordata,0,0,0,10,0,0,0,127,Tilia cordata,505507,species,,Tilia
396,Tilia x europaea,0,0,0,13,0,0,0,128,Tilia X europaea,21538,species,,Tilia
397,Tree privet,0,0,0,9,0,0,0,390,Ligustrum lucidum,503450,species,,Ligustrum
398,Trembling aspen,2,2,9.412036125,52,0.038461538,3.846153846,0.181000695,NA,NA,NA,NA,NA,NA
399,Trident maple,0,0,0,8,0,0,0,188,Acer buergerianum,837859,species,,Acer
400,Tulip poplar,9,8,92.00506039,173,0.052023121,4.624277457,0.531821158,222,Liriodendron tulipifera,18086,species,,Liriodendron
401,Tuliptree,53,42,5896.374836,429,0.123543124,9.79020979,13.74446349,144,Liriodendron,18085,species,,Liriodendron
402,Tungoil tree,0,0,0,7,0,0,0,335,Vernicia fordii,505662,species,,Vernicia
403,Turkey oak,0,0,0,46,0,0,0,302,Quercus laevis,19367,species,,Quercus
404,Ulmus carpinifolia,0,0,0,6,0,0,0,424,Ulmus procera,19056,species,not updated,Ulmus
405,Ulmus sp.,1,1,2.729739818,10,0.1,10,0.272973982,NA,NA,NA,NA,NA,NA
406,Umbrella magnolia,1,1,0.950093518,11,0.090909091,9.090909091,0.086372138,72,Magnolia tripetala,18077,species,,Magnolia
407,Unknown,0,0,0,10,0,0,0,NA,NA,NA,NA,NA,NA
408,Vaccinium caesariense,3,3,0.756967935,60,0.05,5,0.012616132,112,Vaccinium corymbosum ,NA,species,not updated,Vaccinium
409,Vaccinium corymbosum,0,0,0,18,0,0,0,151,Vaccinium corymbosum,23573,species,,Vaccinium
410,Vaccinium spp,3,3,52.87027823,14,0.214285714,21.42857143,3.776448445,NA,NA,NA,NA,NA,NA
411,Vaccinum corymbosum,0,0,0,10,0,0,0,NA,NA,NA,NA,NA,NA
412,Vibirnum dentatum,9,2,2.989820662,16,0.5625,12.5,0.186863791,36,Viburnum dentatum,NA,species,mispelled,Viburnum
413,Viburnum,12,3,25.73064576,16,0.75,18.75,1.60816536,163,Viburnum,35249,species,,Viburnum
414,Viburnum awabuki,0,0,0,7,0,0,0,406,NA,NA,species,not sure what else,NA
415,Viburnum cassinoide,1,1,0.351053654,15,0.066666667,6.666666667,0.023403577,41,Viburnum cassinoides,NA,species,mispelled,Viburnum
416,Viburnum dentatum,1,1,41.07955594,36,0.027777778,2.777777778,1.141098776,153,Viburnum dentatum,35251,species,,Viburnum
417,Viburnum dilatatum,0,0,0,22,0,0,0,129,Viburnum dilatatum,505677,species,,Viburnum
418,Viburnum lentago,0,0,0,14,0,0,0,116,Viburnum lentago,35266,species,,Viburnum
419,Viburnum nudum,25,23,117.655174,595,0.042016807,3.865546218,0.197739788,34,Viburnum nudum,35252,species,,Viburnum
420,Viburnum plicatum,0,0,0,10,0,0,0,225,Viburnum plicatum,35272,species,,Viburnum
421,Viburnum rhytidophyllum,0,0,0,21,0,0,0,395,Viburnum rhytidophyllum,505679,species,,Viburnum
422,Viburnum rufidulum,0,0,0,2,0,0,0,73,Viburnum rufidulum,35274,species,,Viburnum
423,Viburnum sp,2,2,0.428486112,32,0.0625,6.25,0.013390191,NA,NA,NA,NA,NA,NA
424,Viburnum spp.,4,3,696.6289066,94,0.042553191,3.191489362,7.410945815,NA,NA,NA,NA,NA,NA
425,Viburnum trilobum,8,5,0.615208811,29,0.275862069,17.24137931,0.021214097,33,Viburnum opulus var. americanum,NA,species,not updated,Viburnum
426,Virburnum,0,0,0,7,0,0,0,NA,NA,NA,NA,NA,NA
427,Virginia sweetspire,0,0,0,12,0,0,0,283,Itea virginica,24202,species,,Itea
428,Wafer ash,1,1,21.22604164,10,0.1,10,2.122604164,312,Ptelea trifoliata,NA,species,known as hoptree,Ptelea
429,Walnut spp.,15,2,10.08007687,17,0.882352941,11.76470588,0.592945698,NA,NA,NA,NA,NA,NA
430,Washington hawthorn,4,4,14180.10299,88,0.045454545,4.545454545,161.137534,214,Crataegus phaenopyrum,24593,species,,Crataegus
431,Water oak,66,7,69.79345523,83,0.795180723,8.43373494,0.840885003,189,Quercus nigra,19280,species,,Quercus
432,Water tupelo,0,0,0,45,0,0,0,347,Nyssa aquatica,27824,species,,Nyssa
433,Wax myrtle,1,1,1.410472185,26,0.038461538,3.846153846,0.05424893,251,Morella cerifera,507899,species,,Morella
434,Weeping cherry,1,1,0.023327544,16,0.0625,6.25,0.001457971,21,Prunus subhirtella ,NA,species,also called winter-flowering cherry,Prunus
435,Weeping knoss dogwood,0,0,0,15,0,0,0,179,Cornus kousa,NA,species,not updated,Cornus
436,Weeping willow,33,13,273.2983747,57,0.578947368,22.80701754,4.794708329,286,Salix babylonica,837788,species,,Salix
437,White ash,84,37,2308.667357,629,0.13354531,5.882352941,3.670377355,84,Fraxinus americana,32931,species,,Fraxinus
438,White birch,0,0,0,9,0,0,0,93,NA,NA,species,check photos,NA
439,White cedar,1,1,7.38778269,19,0.052631579,5.263157895,0.388830668,110,Chamaecyparis,18045,species,,Chamaecyparis
440,White elm,2,2,70.63821299,18,0.111111111,11.11111111,3.924345166,87,Ulmus americana,NA,species,also known as American elm,Ulmus
441,White mulberry,16,14,240.285016,543,0.02946593,2.578268877,0.442513842,6,Morus alba,19066,species,,Morus
442,White oak,325,91,4862.356281,840,0.386904762,10.83333333,5.788519382,29,Quercus alba,19290,species,,Quercus
443,White spruce,8,7,80.09849667,56,0.142857143,12.5,1.4303302979999999,367,NA,NA,species,check photos,NA
444,White-cedar spp.,0,0,0,5,0,0,0,NA,NA,NA,NA,NA,NA
445,Willow oak,9,8,41.90837441,138,0.065217391,5.797101449,0.303683873,74,Quercus phellos,19282,species,,Quercus
446,Willow spp.,50,28,303.9006585,157,0.318471338,17.8343949,1.935672984,NA,NA,NA,NA,NA,NA
447,Wineberry,0,0,0,29,0,0,0,238,Rubus phoenicolasius,25017,species,,Rubus
448,Winged elm,26,23,282.3250585,410,0.063414634,5.609756098,0.688597704,62,Ulmus alata,19051,species,,Ulmus
449,Winged eonymous,0,0,0,3,0,0,0,NA,NA,NA,NA,NA,NA
450,Winged euonymus,1,1,0.181391432,7,0.142857143,14.28571429,0.025913062,412,Euonymus alatus,27946,species,,Euonymus
451,Winterberry,1,1,0.950093518,39,0.025641026,2.564102564,0.024361372,274,Euonymus bungeanus,894990,species,,Euonymus
452,Wisteria,0,0,0,12,0,0,0,255,Wisteria,27019,species,,Wisteria
453,Witch hazel,439,253,2847.908558,1428,0.307422969,17.71708683,1.994333724,173,Hamamelidaceae,19025,species,,Hamamelidaceae
454,Yaupon,1,1,0.351053654,7,0.142857143,14.28571429,0.050150522,323,Ilex vomitoria,27986,species,,Ilex
455,Yeddo euonymous,0,0,0,20,0,0,0,186,Euonymus hamiltonianus ssp. sieboldianus,NA,species,"mispelled, also known as Hamilton's spindletree",Euonymus
456,Yellow birch,356,304,3928.259199,3556,0.100112486,8.548931384,1.104684814,16,Betula alleghaniensis,19481,species,,Betula
457,Yellow buckeye,17,12,7.761096385,107,0.158878505,11.21495327,0.072533611,58,Aesculus flava,NA,species,not updated,Aesculus
458,Yellow-poplar,9,6,240.1522666,79,0.113924051,7.594936709,3.039902109,63,Liriodendron tulipifera,18086,species,,Liriodendron
459,Yew spp.,0,0,0,14,0,0,0,NA,NA,NA,NA,NA,NA
460,Zelkova serrata,0,0,0,3,0,0,0,355,Zelkova serrata,505790,species,,Zelkova
