"Name","Region","PlantFK","PlantSpecies","Notes.x","PhotoURL"
"NC State University","NC",2391,"Dogwood spp.","","159.jpeg"
"NC State University","NC",2387,"Japanese maple","","156.jpeg"
"NC State University","NC",2394,"Eastern redbud","Some branches had very small leaves some branches had much bigger leaves","179.jpeg"
"Example Site","NC",3245,"N/A","I just saw a caterpillar","861.jpeg"
"Wellesley College","MA",3544,"White oak tree","","9603.jpeg"
"Wellesley College","MA",3544,"N/A","","11546.jpeg"
"Wellesley College","MA",3553,"N/A","","11558.jpeg"
"Wellesley College","MA",3542,"N/A","","12482.jpeg"
"Wellesley College","MA",3542,"N/A","","13198.jpeg"
"NC State University","NC",2391,"N/A","","41440.jpeg"
"NC State University","NC",2391,"N/A","","41441.jpeg"
"NC State University","NC",2390,"American beech","","41460.jpeg"
"NC State University","NC",2352,"Willow oak","","41482.jpeg"
"NC State University","NC",2362,"N/A","","41489.jpeg"
"NC State University","NC",2362,"N/A","","41490.jpeg"
"NC State University","NC",2352,"White oak","","41549.jpeg"
"NC State University","NC",2387,"Sugar maple","","41585.jpeg"
"NC State University","NC",2405,"N/A","","41591.jpeg"
"NC State University","NC",2405,"N/A","","41592.jpeg"
"NC State University","NC",2405,"N/A","","41593.jpeg"
"NC State University","NC",2405,"N/A","","41594.jpeg"
"NC State University","NC",986,"American beech","","41633.jpeg"
"NC State University","NC",2387,"N/A","","41738.jpeg"
"NC State University","NC",2387,"Sugar maple","","41960.jpeg"
"NC State University","NC",986,"American elm","","41980.jpeg"
"NC State University","NC",2405,"Tree","","42143.jpeg"
"NC State University","NC",986,"American beech","","42188.jpeg"
"Wye Marsh Wildlife Centre","ON",1227,"Redosier dogwood","","71096.jpeg"
"BHRC - Hemlock Draw","WI",5994,"Red maple","Red maple","89160.jpeg"
"BHRC - Hemlock Draw","WI",6001,"N/A","","90861.jpeg"
"BHRC - Hemlock Draw","WI",6001,"N/A","","90862.jpeg"
"BHRC - Hemlock Draw","WI",6000,"N/A","","90864.jpeg"
"BHRC - Hemlock Draw","WI",5998,"N/A","","90868.jpeg"
"BHRC - Hemlock Draw","WI",5998,"N/A","","90869.jpeg"
"BHRC - Hemlock Draw","WI",5994,"Red maple","","92464.jpeg"
"BHRC - Hemlock Draw","WI",5998,"Eastern hophornbeam","","92466.jpeg"
"BHRC - Hemlock Draw","WI",5999,"Eastern hophornbeam","","101773.jpeg"
"BHRC - Hemlock Draw","WI",5998,"N/A","","106886.jpeg"
"BHRC - Hemlock Draw","WI",6001,"N/A","","106891.jpeg"
"BHRC - Hemlock Draw","WI",6001,"N/A","","106892.jpeg"
"BHRC - Hemlock Draw","WI",5994,"N/A","","106916.jpeg"
"BHRC - Hemlock Draw","WI",5994,"N/A","","106917.jpeg"
"BHRC - Hemlock Draw","WI",5994,"N/A","","106918.jpeg"
"BHRC - Hemlock Draw","WI",5994,"N/A","","106919.jpeg"
"BHRC - Hemlock Draw","WI",5994,"N/A","","106920.jpeg"
"Gulf Branch Nature Center","VA",6734,"N/A","","110116.jpeg"
"Gulf Branch Nature Center","VA",6739,"N/A","","110119.jpeg"
"Gulf Branch Nature Center","VA",6757,"N/A","","110159.jpeg"
"BHRC - Hemlock Draw","WI",5999,"White ash","","110263.jpeg"
"Gulf Branch Nature Center","VA",6734,"N/A","","112693.jpeg"
"Gulf Branch Nature Center","VA",6739,"N/A","","115102.jpeg"
"Gulf Branch Nature Center","VA",6739,"N/A","","115103.jpeg"
"Gulf Branch Nature Center","VA",6757,"N/A","","115148.jpeg"
"Gulf Branch Nature Center","VA",6731,"N/A","","117712.jpeg"
"Gulf Branch Nature Center","VA",6731,"N/A","","117713.jpeg"
"Gulf Branch Nature Center","VA",6739,"N/A","","122759.jpeg"
"Gulf Branch Nature Center","VA",6739,"Cherry and plum spp.","","127035.jpeg"
"High Park","ON",7565,"Staghorn sumac","","131341.jpeg"
"High Park","ON",7570,"Black cherry","","131342.jpeg"
"High Park","ON",7549,"White ash","","131592.jpeg"
"High Park","ON",7554,"Buckthorn spp.","","131597.jpeg"
"High Park","ON",7559,"Common buckthorn","","131602.jpeg"
"Cambridge Miyawaki Forest (Danehy Park)","MA",6329,"Northern red oak","","131955.jpeg"
"Cambridge Miyawaki Forest (Danehy Park)","MA",6329,"Northern red oak","","131956.jpeg"
"Cambridge Miyawaki Forest (Danehy Park)","MA",6329,"Northern red oak","","131957.jpeg"
